-- ============================================
-- PERFECT 4 YOU - SEED DATA
-- Початкові дані для каталогу
-- ============================================

-- ============================================
-- КАТЕГОРІЇ
-- ============================================

INSERT INTO categories (id, name, slug, description, sort_order, is_active) VALUES
  ('c1000000-0000-0000-0000-000000000001', 'Спеції та приправи', 'spetsii-ta-prypravy', 'Автентичні закарпатські спеції, приправи та овочеві суміші', 1, true),
  ('c1000000-0000-0000-0000-000000000002', 'Макаронні вироби', 'makaronni-vyroby', 'Якісні макарони за угорськими рецептами', 2, true),
  ('c1000000-0000-0000-0000-000000000003', 'Консервація', 'konservatsiia', 'Консервовані овочі та бобові', 3, true),
  ('c1000000-0000-0000-0000-000000000004', 'Олія та жири', 'oliia-ta-zhyry', 'Соняшникова олія різної фасовки', 4, true),
  ('c1000000-0000-0000-0000-000000000005', 'Бакалія', 'bakaliia', 'Сода, лимонна кислота та інша бакалія', 5, true),
  ('c1000000-0000-0000-0000-000000000006', 'Акційні товари', 'aktsiini-tovary', 'Товари зі знижками та спеціальними пропозиціями', 6, true);

-- ============================================
-- ПІДКАТЕГОРІЇ
-- ============================================

-- Спеції та приправи
INSERT INTO subcategories (id, category_id, name, slug, sort_order, is_active) VALUES
  ('s1000000-0000-0000-0000-000000000001', 'c1000000-0000-0000-0000-000000000001', 'Паприка', 'papryka', 1, true),
  ('s1000000-0000-0000-0000-000000000002', 'c1000000-0000-0000-0000-000000000001', 'Перець', 'perets', 2, true),
  ('s1000000-0000-0000-0000-000000000003', 'c1000000-0000-0000-0000-000000000001', 'Приправа універсальна', 'pryprava-universalna', 3, true),
  ('s1000000-0000-0000-0000-000000000004', 'c1000000-0000-0000-0000-000000000001', 'Овочеве асорті', 'ovocheve-asorti', 4, true),
  ('s1000000-0000-0000-0000-000000000005', 'c1000000-0000-0000-0000-000000000001', 'Спеції для страв', 'spetsii-dlia-strav', 5, true),
  ('s1000000-0000-0000-0000-000000000006', 'c1000000-0000-0000-0000-000000000001', 'Часник', 'chasnyk', 6, true),
  ('s1000000-0000-0000-0000-000000000007', 'c1000000-0000-0000-0000-000000000001', 'Суміш зелені', 'sumish-zeleni', 7, true),
  ('s1000000-0000-0000-0000-000000000008', 'c1000000-0000-0000-0000-000000000001', 'Вігета та Гурманік', 'viheta-ta-hurmanik', 8, true);

-- Макаронні вироби
INSERT INTO subcategories (id, category_id, name, slug, sort_order, is_active) VALUES
  ('s1000000-0000-0000-0000-000000000010', 'c1000000-0000-0000-0000-000000000002', 'Рожки', 'rozhky', 1, true),
  ('s1000000-0000-0000-0000-000000000011', 'c1000000-0000-0000-0000-000000000002', 'Спіраль', 'spiral', 2, true),
  ('s1000000-0000-0000-0000-000000000012', 'c1000000-0000-0000-0000-000000000002', 'Галушка', 'halushka', 3, true),
  ('s1000000-0000-0000-0000-000000000013', 'c1000000-0000-0000-0000-000000000002', 'Лапша', 'lapsha', 4, true),
  ('s1000000-0000-0000-0000-000000000014', 'c1000000-0000-0000-0000-000000000002', 'Вермішель', 'vermishel', 5, true),
  ('s1000000-0000-0000-0000-000000000015', 'c1000000-0000-0000-0000-000000000002', 'Перо', 'pero', 6, true),
  ('s1000000-0000-0000-0000-000000000016', 'c1000000-0000-0000-0000-000000000002', 'Трубочка', 'trubochka', 7, true),
  ('s1000000-0000-0000-0000-000000000017', 'c1000000-0000-0000-0000-000000000002', 'Кільця', 'kiltsia', 8, true),
  ('s1000000-0000-0000-0000-000000000018', 'c1000000-0000-0000-0000-000000000002', 'Зірочка', 'zirochka', 9, true),
  ('s1000000-0000-0000-0000-000000000019', 'c1000000-0000-0000-0000-000000000002', 'Ракушка', 'rakushka', 10, true),
  ('s1000000-0000-0000-0000-000000000020', 'c1000000-0000-0000-0000-000000000002', 'Паутинка', 'pautynka', 11, true),
  ('s1000000-0000-0000-0000-000000000021', 'c1000000-0000-0000-0000-000000000002', 'Косичка', 'kosychka', 12, true),
  ('s1000000-0000-0000-0000-000000000022', 'c1000000-0000-0000-0000-000000000002', 'Локшина', 'lokshyna', 13, true),
  ('s1000000-0000-0000-0000-000000000023', 'c1000000-0000-0000-0000-000000000002', 'Чіга', 'chiha', 14, true),
  ('s1000000-0000-0000-0000-000000000024', 'c1000000-0000-0000-0000-000000000002', 'Коцка', 'kotska', 15, true),
  ('s1000000-0000-0000-0000-000000000025', 'c1000000-0000-0000-0000-000000000002', 'Торгоня', 'torhonia', 16, true);

-- Консервація
INSERT INTO subcategories (id, category_id, name, slug, sort_order, is_active) VALUES
  ('s1000000-0000-0000-0000-000000000030', 'c1000000-0000-0000-0000-000000000003', 'Кукурудза', 'kukurudza', 1, true),
  ('s1000000-0000-0000-0000-000000000031', 'c1000000-0000-0000-0000-000000000003', 'Горошок зелений', 'horoshok-zelenyi', 2, true),
  ('s1000000-0000-0000-0000-000000000032', 'c1000000-0000-0000-0000-000000000003', 'Огірки мариновані', 'ohirky-marynovani', 3, true),
  ('s1000000-0000-0000-0000-000000000033', 'c1000000-0000-0000-0000-000000000003', 'Томати мариновані', 'tomaty-marynovani', 4, true),
  ('s1000000-0000-0000-0000-000000000034', 'c1000000-0000-0000-0000-000000000003', 'Квасоля', 'kvasolia', 5, true);

-- Олія та жири
INSERT INTO subcategories (id, category_id, name, slug, sort_order, is_active) VALUES
  ('s1000000-0000-0000-0000-000000000040', 'c1000000-0000-0000-0000-000000000004', 'Олія соняшникова', 'oliia-soniashnykova', 1, true);

-- Бакалія
INSERT INTO subcategories (id, category_id, name, slug, sort_order, is_active) VALUES
  ('s1000000-0000-0000-0000-000000000050', 'c1000000-0000-0000-0000-000000000005', 'Сода та кислота', 'soda-ta-kyslota', 1, true);

-- ============================================
-- ТОВАРИ - СПЕЦІЇ ТА ПРИПРАВИ
-- ============================================

-- Паприка
INSERT INTO products (category_id, subcategory_id, name, slug, description, weight, units_per_pack, sort_order) VALUES
  ('c1000000-0000-0000-0000-000000000001', 's1000000-0000-0000-0000-000000000001', 'Паприка червона мелена 200г', 'papryka-chervona-melena-200h', 'Ароматна закарпатська паприка червона мелена', '200г', '30шт', 1),
  ('c1000000-0000-0000-0000-000000000001', 's1000000-0000-0000-0000-000000000001', 'Паприка червона мелена 1кг', 'papryka-chervona-melena-1kh', 'Ароматна закарпатська паприка червона мелена', '1кг', '10шт', 2),
  ('c1000000-0000-0000-0000-000000000001', 's1000000-0000-0000-0000-000000000001', 'Паприка копчена 200г', 'papryka-kopchena-200h', 'Паприка копчена з димним ароматом', '200г', '30шт', 3),
  ('c1000000-0000-0000-0000-000000000001', 's1000000-0000-0000-0000-000000000001', 'Паприка чілі 100г', 'papryka-chili-100h', 'Гостра паприка чілі', '100г', '40шт', 4);

-- Перець
INSERT INTO products (category_id, subcategory_id, name, slug, description, weight, units_per_pack, sort_order) VALUES
  ('c1000000-0000-0000-0000-000000000001', 's1000000-0000-0000-0000-000000000002', 'Перець чорний мелений 200г', 'perets-chornyi-melenyi-200h', 'Перець чорний мелений преміум якості', '200г', '30шт', 1),
  ('c1000000-0000-0000-0000-000000000001', 's1000000-0000-0000-0000-000000000002', 'Перець чорний мелений 1кг', 'perets-chornyi-melenyi-1kh', 'Перець чорний мелений преміум якості', '1кг', '10шт', 2),
  ('c1000000-0000-0000-0000-000000000001', 's1000000-0000-0000-0000-000000000002', 'Перець чорний горошок 200г', 'perets-chornyi-horoshok-200h', 'Перець чорний горошком', '200г', '30шт', 3),
  ('c1000000-0000-0000-0000-000000000001', 's1000000-0000-0000-0000-000000000002', 'Перець чорний горошок 1кг', 'perets-chornyi-horoshok-1kh', 'Перець чорний горошком', '1кг', '10шт', 4);

-- Приправа універсальна
INSERT INTO products (category_id, subcategory_id, name, slug, description, weight, units_per_pack, sort_order) VALUES
  ('c1000000-0000-0000-0000-000000000001', 's1000000-0000-0000-0000-000000000003', 'Приправа універсальна 200г (банка)', 'pryprava-universalna-200h-banka', 'Універсальна приправа в зручній банці', '200г', '24шт', 1),
  ('c1000000-0000-0000-0000-000000000001', 's1000000-0000-0000-0000-000000000003', 'Приправа універсальна 1кг (пачка)', 'pryprava-universalna-1kh-pachka', 'Універсальна приправа економ фасовка', '1кг', '10шт', 2),
  ('c1000000-0000-0000-0000-000000000001', 's1000000-0000-0000-0000-000000000003', 'Приправа універсальна 3кг (відро)', 'pryprava-universalna-3kh-vidro', 'Універсальна приправа для великих обсягів', '3кг', '4шт', 3);

-- Овочеве асорті
INSERT INTO products (category_id, subcategory_id, name, slug, description, weight, units_per_pack, sort_order) VALUES
  ('c1000000-0000-0000-0000-000000000001', 's1000000-0000-0000-0000-000000000004', 'Овочеве асорті (10 овочів) 200г', 'ovocheve-asorti-10-ovochiv-200h', 'Суміш 10 сушених овочів без солі та ароматизаторів', '200г', '30шт', 1),
  ('c1000000-0000-0000-0000-000000000001', 's1000000-0000-0000-0000-000000000004', 'Овочеве асорті (10 овочів) 500г', 'ovocheve-asorti-10-ovochiv-500h', 'Суміш 10 сушених овочів без солі та ароматизаторів', '500г', '20шт', 2),
  ('c1000000-0000-0000-0000-000000000001', 's1000000-0000-0000-0000-000000000004', 'Овочеве асорті (10 овочів) 1кг', 'ovocheve-asorti-10-ovochiv-1kh', 'Суміш 10 сушених овочів без солі та ароматизаторів', '1кг', '10шт', 3);

-- Спеції для страв
INSERT INTO products (category_id, subcategory_id, name, slug, description, weight, units_per_pack, sort_order) VALUES
  ('c1000000-0000-0000-0000-000000000001', 's1000000-0000-0000-0000-000000000005', 'Спеції до борщу 200г', 'spetsii-do-borshchu-200h', 'Традиційна суміш спецій для борщу', '200г', '30шт', 1),
  ('c1000000-0000-0000-0000-000000000001', 's1000000-0000-0000-0000-000000000005', 'Спеції для бограчу 200г', 'spetsii-dlia-bohrachu-200h', 'Автентична закарпатська суміш для бограчу', '200г', '30шт', 2),
  ('c1000000-0000-0000-0000-000000000001', 's1000000-0000-0000-0000-000000000005', 'Спеції для шашлика 200г', 'spetsii-dlia-shashlyka-200h', 'Суміш спецій для шашлику та гриля', '200г', '30шт', 3),
  ('c1000000-0000-0000-0000-000000000001', 's1000000-0000-0000-0000-000000000005', 'Спеції для голубців 200г', 'spetsii-dlia-holubtsiv-200h', 'Суміш спецій для голубців', '200г', '30шт', 4),
  ('c1000000-0000-0000-0000-000000000001', 's1000000-0000-0000-0000-000000000005', 'Спеції для фасолі 200г', 'spetsii-dlia-fasoli-200h', 'Суміш спецій для страв з квасолі', '200г', '30шт', 5),
  ('c1000000-0000-0000-0000-000000000001', 's1000000-0000-0000-0000-000000000005', 'Спеції для рису 200г', 'spetsii-dlia-rysu-200h', 'Суміш спецій для страв з рису', '200г', '30шт', 6),
  ('c1000000-0000-0000-0000-000000000001', 's1000000-0000-0000-0000-000000000005', 'Спеції для підлив та гуляшу 200г', 'spetsii-dlia-pidlyv-ta-huliashu-200h', 'Суміш спецій для підлив та гуляшу', '200г', '30шт', 7),
  ('c1000000-0000-0000-0000-000000000001', 's1000000-0000-0000-0000-000000000005', 'Спеції для бульйону 200г', 'spetsii-dlia-bulionu-200h', 'Суміш спецій для бульйонів та супів', '200г', '30шт', 8);

-- Часник
INSERT INTO products (category_id, subcategory_id, name, slug, description, weight, units_per_pack, sort_order) VALUES
  ('c1000000-0000-0000-0000-000000000001', 's1000000-0000-0000-0000-000000000006', 'Часник мелений 100г', 'chasnyk-melenyi-100h', 'Часник мелений сушений', '100г', '40шт', 1),
  ('c1000000-0000-0000-0000-000000000001', 's1000000-0000-0000-0000-000000000006', 'Часник мелений 200г', 'chasnyk-melenyi-200h', 'Часник мелений сушений', '200г', '30шт', 2),
  ('c1000000-0000-0000-0000-000000000001', 's1000000-0000-0000-0000-000000000006', 'Часник гранульований 100г', 'chasnyk-hranulovanyi-100h', 'Часник гранульований сушений', '100г', '40шт', 3),
  ('c1000000-0000-0000-0000-000000000001', 's1000000-0000-0000-0000-000000000006', 'Часник гранульований 200г', 'chasnyk-hranulovanyi-200h', 'Часник гранульований сушений', '200г', '30шт', 4);

-- Суміш зелені
INSERT INTO products (category_id, subcategory_id, name, slug, description, weight, units_per_pack, sort_order) VALUES
  ('c1000000-0000-0000-0000-000000000001', 's1000000-0000-0000-0000-000000000007', 'Суміш зелені 100г', 'sumish-zeleni-100h', 'Суміш сушеної зелені (кріп, петрушка, цибуля)', '100г', '40шт', 1),
  ('c1000000-0000-0000-0000-000000000001', 's1000000-0000-0000-0000-000000000007', 'Суміш зелені 200г', 'sumish-zeleni-200h', 'Суміш сушеної зелені (кріп, петрушка, цибуля)', '200г', '30шт', 2);

-- Вігета та Гурманік
INSERT INTO products (category_id, subcategory_id, name, slug, description, weight, units_per_pack, sort_order) VALUES
  ('c1000000-0000-0000-0000-000000000001', 's1000000-0000-0000-0000-000000000008', 'Вігета 200г', 'viheta-200h', 'Універсальна овочева суміш Вігета', '200г', '30шт', 1),
  ('c1000000-0000-0000-0000-000000000001', 's1000000-0000-0000-0000-000000000008', 'Вігета 1кг', 'viheta-1kh', 'Універсальна овочева суміш Вігета', '1кг', '10шт', 2),
  ('c1000000-0000-0000-0000-000000000001', 's1000000-0000-0000-0000-000000000008', 'Гурманік 200г', 'hurmanik-200h', 'Приправа Гурманік', '200г', '30шт', 3),
  ('c1000000-0000-0000-0000-000000000001', 's1000000-0000-0000-0000-000000000008', 'Гурманік 1кг', 'hurmanik-1kh', 'Приправа Гурманік', '1кг', '10шт', 4);

-- ============================================
-- ТОВАРИ - МАКАРОННІ ВИРОБИ
-- ============================================

-- Рожки
INSERT INTO products (category_id, subcategory_id, name, slug, description, weight, units_per_pack, sort_order) VALUES
  ('c1000000-0000-0000-0000-000000000002', 's1000000-0000-0000-0000-000000000010', 'Рожки малі 500г', 'rozhky-mali-500h', 'Рожки малі з твердих сортів пшениці', '500г', '20шт', 1),
  ('c1000000-0000-0000-0000-000000000002', 's1000000-0000-0000-0000-000000000010', 'Рожки малі 1кг', 'rozhky-mali-1kh', 'Рожки малі з твердих сортів пшениці', '1кг', '10шт', 2),
  ('c1000000-0000-0000-0000-000000000002', 's1000000-0000-0000-0000-000000000010', 'Рожки малі 3кг', 'rozhky-mali-3kh', 'Рожки малі з твердих сортів пшениці', '3кг', '4шт', 3),
  ('c1000000-0000-0000-0000-000000000002', 's1000000-0000-0000-0000-000000000010', 'Рожки великі 500г', 'rozhky-velyki-500h', 'Рожки великі з твердих сортів пшениці', '500г', '20шт', 4),
  ('c1000000-0000-0000-0000-000000000002', 's1000000-0000-0000-0000-000000000010', 'Рожки великі 1кг', 'rozhky-velyki-1kh', 'Рожки великі з твердих сортів пшениці', '1кг', '10шт', 5),
  ('c1000000-0000-0000-0000-000000000002', 's1000000-0000-0000-0000-000000000010', 'Рожки великі 3кг', 'rozhky-velyki-3kh', 'Рожки великі з твердих сортів пшениці', '3кг', '4шт', 6);

-- Спіраль
INSERT INTO products (category_id, subcategory_id, name, slug, description, weight, units_per_pack, sort_order) VALUES
  ('c1000000-0000-0000-0000-000000000002', 's1000000-0000-0000-0000-000000000011', 'Спіраль 500г', 'spiral-500h', 'Макарони спіраль з твердих сортів пшениці', '500г', '20шт', 1),
  ('c1000000-0000-0000-0000-000000000002', 's1000000-0000-0000-0000-000000000011', 'Спіраль 1кг', 'spiral-1kh', 'Макарони спіраль з твердих сортів пшениці', '1кг', '10шт', 2),
  ('c1000000-0000-0000-0000-000000000002', 's1000000-0000-0000-0000-000000000011', 'Спіраль 3кг', 'spiral-3kh', 'Макарони спіраль з твердих сортів пшениці', '3кг', '4шт', 3);

-- Галушка
INSERT INTO products (category_id, subcategory_id, name, slug, description, weight, units_per_pack, sort_order) VALUES
  ('c1000000-0000-0000-0000-000000000002', 's1000000-0000-0000-0000-000000000012', 'Галушка 500г', 'halushka-500h', 'Традиційна галушка за угорським рецептом', '500г', '20шт', 1),
  ('c1000000-0000-0000-0000-000000000002', 's1000000-0000-0000-0000-000000000012', 'Галушка 1кг', 'halushka-1kh', 'Традиційна галушка за угорським рецептом', '1кг', '10шт', 2),
  ('c1000000-0000-0000-0000-000000000002', 's1000000-0000-0000-0000-000000000012', 'Галушка 3кг', 'halushka-3kh', 'Традиційна галушка за угорським рецептом', '3кг', '4шт', 3);

-- Лапша
INSERT INTO products (category_id, subcategory_id, name, slug, description, weight, units_per_pack, sort_order) VALUES
  ('c1000000-0000-0000-0000-000000000002', 's1000000-0000-0000-0000-000000000013', 'Лапша коротка 200г', 'lapsha-korotka-200h', 'Лапша коротка', '200г', '30шт', 1),
  ('c1000000-0000-0000-0000-000000000002', 's1000000-0000-0000-0000-000000000013', 'Лапша коротка 1кг', 'lapsha-korotka-1kh', 'Лапша коротка', '1кг', '10шт', 2),
  ('c1000000-0000-0000-0000-000000000002', 's1000000-0000-0000-0000-000000000013', 'Лапша коротка 3кг', 'lapsha-korotka-3kh', 'Лапша коротка', '3кг', '4шт', 3),
  ('c1000000-0000-0000-0000-000000000002', 's1000000-0000-0000-0000-000000000013', 'Лапша довга 200г', 'lapsha-dovha-200h', 'Лапша довга', '200г', '30шт', 4),
  ('c1000000-0000-0000-0000-000000000002', 's1000000-0000-0000-0000-000000000013', 'Лапша довга 1кг', 'lapsha-dovha-1kh', 'Лапша довга', '1кг', '10шт', 5),
  ('c1000000-0000-0000-0000-000000000002', 's1000000-0000-0000-0000-000000000013', 'Лапша довга 3кг', 'lapsha-dovha-3kh', 'Лапша довга', '3кг', '4шт', 6);

-- Вермішель
INSERT INTO products (category_id, subcategory_id, name, slug, description, weight, units_per_pack, sort_order) VALUES
  ('c1000000-0000-0000-0000-000000000002', 's1000000-0000-0000-0000-000000000014', 'Вермішель довга 1кг', 'vermishel-dovha-1kh', 'Вермішель довга', '1кг', '10шт', 1);

-- Перо
INSERT INTO products (category_id, subcategory_id, name, slug, description, weight, units_per_pack, sort_order) VALUES
  ('c1000000-0000-0000-0000-000000000002', 's1000000-0000-0000-0000-000000000015', 'Перо коротке 1кг', 'pero-korotke-1kh', 'Макарони перо короткі', '1кг', '10шт', 1),
  ('c1000000-0000-0000-0000-000000000002', 's1000000-0000-0000-0000-000000000015', 'Перо коротке 3кг', 'pero-korotke-3kh', 'Макарони перо короткі', '3кг', '4шт', 2),
  ('c1000000-0000-0000-0000-000000000002', 's1000000-0000-0000-0000-000000000015', 'Перо довге 1кг', 'pero-dovhe-1kh', 'Макарони перо довгі', '1кг', '10шт', 3),
  ('c1000000-0000-0000-0000-000000000002', 's1000000-0000-0000-0000-000000000015', 'Перо довге 3кг', 'pero-dovhe-3kh', 'Макарони перо довгі', '3кг', '4шт', 4);

-- Трубочка
INSERT INTO products (category_id, subcategory_id, name, slug, description, weight, units_per_pack, sort_order) VALUES
  ('c1000000-0000-0000-0000-000000000002', 's1000000-0000-0000-0000-000000000016', 'Трубочка 500г', 'trubochka-500h', 'Макарони трубочка', '500г', '20шт', 1),
  ('c1000000-0000-0000-0000-000000000002', 's1000000-0000-0000-0000-000000000016', 'Трубочка 1кг', 'trubochka-1kh', 'Макарони трубочка', '1кг', '10шт', 2),
  ('c1000000-0000-0000-0000-000000000002', 's1000000-0000-0000-0000-000000000016', 'Трубочка 3кг', 'trubochka-3kh', 'Макарони трубочка', '3кг', '4шт', 3);

-- Кільця
INSERT INTO products (category_id, subcategory_id, name, slug, description, weight, units_per_pack, sort_order) VALUES
  ('c1000000-0000-0000-0000-000000000002', 's1000000-0000-0000-0000-000000000017', 'Кільця 1кг', 'kiltsia-1kh', 'Макарони кільця', '1кг', '10шт', 1),
  ('c1000000-0000-0000-0000-000000000002', 's1000000-0000-0000-0000-000000000017', 'Кільця 3кг', 'kiltsia-3kh', 'Макарони кільця', '3кг', '4шт', 2);

-- Зірочка
INSERT INTO products (category_id, subcategory_id, name, slug, description, weight, units_per_pack, sort_order) VALUES
  ('c1000000-0000-0000-0000-000000000002', 's1000000-0000-0000-0000-000000000018', 'Зірочка 1кг', 'zirochka-1kh', 'Макарони зірочка для супів', '1кг', '10шт', 1),
  ('c1000000-0000-0000-0000-000000000002', 's1000000-0000-0000-0000-000000000018', 'Зірочка 3кг', 'zirochka-3kh', 'Макарони зірочка для супів', '3кг', '4шт', 2);

-- Ракушка
INSERT INTO products (category_id, subcategory_id, name, slug, description, weight, units_per_pack, sort_order) VALUES
  ('c1000000-0000-0000-0000-000000000002', 's1000000-0000-0000-0000-000000000019', 'Ракушка 1кг', 'rakushka-1kh', 'Макарони ракушка', '1кг', '10шт', 1),
  ('c1000000-0000-0000-0000-000000000002', 's1000000-0000-0000-0000-000000000019', 'Ракушка 3кг', 'rakushka-3kh', 'Макарони ракушка', '3кг', '4шт', 2);

-- Паутинка
INSERT INTO products (category_id, subcategory_id, name, slug, description, weight, units_per_pack, sort_order) VALUES
  ('c1000000-0000-0000-0000-000000000002', 's1000000-0000-0000-0000-000000000020', 'Паутинка 1кг', 'pautynka-1kh', 'Макарони паутинка тонкі', '1кг', '10шт', 1),
  ('c1000000-0000-0000-0000-000000000002', 's1000000-0000-0000-0000-000000000020', 'Паутинка 3кг', 'pautynka-3kh', 'Макарони паутинка тонкі', '3кг', '4шт', 2);

-- Косичка
INSERT INTO products (category_id, subcategory_id, name, slug, description, weight, units_per_pack, sort_order) VALUES
  ('c1000000-0000-0000-0000-000000000002', 's1000000-0000-0000-0000-000000000021', 'Косичка 1кг', 'kosychka-1kh', 'Макарони косичка', '1кг', '10шт', 1),
  ('c1000000-0000-0000-0000-000000000002', 's1000000-0000-0000-0000-000000000021', 'Косичка 3кг', 'kosychka-3kh', 'Макарони косичка', '3кг', '4шт', 2);

-- Локшина, Чіга, Коцка, Торгоня
INSERT INTO products (category_id, subcategory_id, name, slug, description, weight, units_per_pack, sort_order) VALUES
  ('c1000000-0000-0000-0000-000000000002', 's1000000-0000-0000-0000-000000000022', 'Локшина 200г', 'lokshyna-200h', 'Традиційна локшина', '200г', '30шт', 1),
  ('c1000000-0000-0000-0000-000000000002', 's1000000-0000-0000-0000-000000000023', 'Чіга 200г', 'chiha-200h', 'Традиційна чіга', '200г', '30шт', 1),
  ('c1000000-0000-0000-0000-000000000002', 's1000000-0000-0000-0000-000000000024', 'Коцка 200г', 'kotska-200h', 'Традиційна коцка', '200г', '30шт', 1),
  ('c1000000-0000-0000-0000-000000000002', 's1000000-0000-0000-0000-000000000025', 'Торгоня 200г', 'torhonia-200h', 'Традиційна торгоня', '200г', '30шт', 1);

-- ============================================
-- ТОВАРИ - КОНСЕРВАЦІЯ
-- ============================================

INSERT INTO products (category_id, subcategory_id, name, slug, description, weight, units_per_pack, sort_order) VALUES
  ('c1000000-0000-0000-0000-000000000003', 's1000000-0000-0000-0000-000000000030', 'Кукурудза консервована 420г', 'kukurudza-konservovana-420h', 'Кукурудза консервована цукрова, ж/б', '420г', '12шт', 1),
  ('c1000000-0000-0000-0000-000000000003', 's1000000-0000-0000-0000-000000000031', 'Горошок зелений 420г', 'horoshok-zelenyi-420h', 'Горошок зелений консервований, ж/б', '420г', '12шт', 1),
  ('c1000000-0000-0000-0000-000000000003', 's1000000-0000-0000-0000-000000000032', 'Огірки мариновані 720г (ж/б)', 'ohirky-marynovani-720h-zhb', 'Огірки мариновані в жерстяній банці', '720г', '12шт', 1),
  ('c1000000-0000-0000-0000-000000000003', 's1000000-0000-0000-0000-000000000032', 'Огірки мариновані 720г (с/б)', 'ohirky-marynovani-720h-sb', 'Огірки мариновані в скляній банці', '720г', '12шт', 2),
  ('c1000000-0000-0000-0000-000000000003', 's1000000-0000-0000-0000-000000000033', 'Томати мариновані 720г', 'tomaty-marynovani-720h', 'Томати мариновані', '720г', '12шт', 1),
  ('c1000000-0000-0000-0000-000000000003', 's1000000-0000-0000-0000-000000000034', 'Квасоля біла "Фірмова" 450г', 'kvasolia-bila-firmova-450h', 'Квасоля біла консервована "Фірмова"', '450г', '12шт', 1),
  ('c1000000-0000-0000-0000-000000000003', 's1000000-0000-0000-0000-000000000034', 'Квасоля в томаті "Смачна" 450г', 'kvasolia-v-tomati-smachna-450h', 'Квасоля в томатному соусі "Смачна"', '450г', '12шт', 2),
  ('c1000000-0000-0000-0000-000000000003', 's1000000-0000-0000-0000-000000000034', 'Квасоля стручкова 720мл', 'kvasolia-struchkova-720ml', 'Квасоля стручкова консервована', '720мл', '12шт', 3);

-- ============================================
-- ТОВАРИ - ОЛІЯ
-- ============================================

INSERT INTO products (category_id, subcategory_id, name, slug, description, weight, units_per_pack, sort_order) VALUES
  ('c1000000-0000-0000-0000-000000000004', 's1000000-0000-0000-0000-000000000040', 'Олія соняшникова 1л', 'oliia-soniashnykova-1l', 'Олія соняшникова рафінована', '1л', '15шт', 1),
  ('c1000000-0000-0000-0000-000000000004', 's1000000-0000-0000-0000-000000000040', 'Олія соняшникова 2л', 'oliia-soniashnykova-2l', 'Олія соняшникова рафінована', '2л', '8шт', 2),
  ('c1000000-0000-0000-0000-000000000004', 's1000000-0000-0000-0000-000000000040', 'Олія соняшникова 5л', 'oliia-soniashnykova-5l', 'Олія соняшникова рафінована', '5л', '3шт', 3);

-- ============================================
-- ТОВАРИ - БАКАЛІЯ
-- ============================================

INSERT INTO products (category_id, subcategory_id, name, slug, description, weight, units_per_pack, sort_order) VALUES
  ('c1000000-0000-0000-0000-000000000005', 's1000000-0000-0000-0000-000000000050', 'Сода харчова 300г', 'soda-kharchova-300h', 'Сода харчова', '300г', '30шт', 1),
  ('c1000000-0000-0000-0000-000000000005', 's1000000-0000-0000-0000-000000000050', 'Лимонна кислота 350г', 'lymonna-kyslota-350h', 'Лимонна кислота харчова', '350г', '30шт', 2);

-- ============================================
-- ВІДГУКИ (схвалені для показу)
-- ============================================

INSERT INTO reviews (author_name, author_company, content, rating, is_approved, is_visible, sort_order) VALUES
  ('Олександр Петренко', 'Мережа магазинів "Смак"', 'Співпрацюємо з Perfect 4 You вже понад 3 роки. Завжди свіжі спеції, відмінна якість макаронів. Особливо подобається паприка — клієнти постійно її хвалять. Рекомендую!', 5, true, true, 1),
  ('Марія Коваленко', 'Ресторан "Карпатська хата"', 'Наш ресторан спеціалізується на закарпатській кухні, тому якість інгредієнтів для нас критично важлива. Спеції від Perfect 4 You — саме те, що потрібно для автентичних страв.', 5, true, true, 2),
  ('Василь Мельник', 'ТОВ "Оптторг"', 'Надійний партнер з адекватними цінами. Доставка завжди вчасно, асортимент широкий. Працюємо разом з 2019 року — жодних нарікань.', 5, true, true, 3);

-- ============================================
-- ПЕРЕВАГИ КОМПАНІЇ
-- ============================================

INSERT INTO advantages (title, description, icon, sort_order, is_visible) VALUES
  ('Прямі поставки', 'Працюємо напряму з виробниками без посередників', 'truck', 1, true),
  ('Понад 300 позицій', 'Широкий асортимент спецій, макаронів, консервації та олії', 'package', 2, true),
  ('Доставка по Україні', 'Швидка доставка в будь-який куточок України', 'map-pin', 3, true),
  ('З 2013 року', 'Понад 11 років досвіду в оптовій торгівлі', 'calendar', 4, true);

-- ============================================
-- НАЛАШТУВАННЯ САЙТУ
-- ============================================

INSERT INTO site_settings (key, value) VALUES
  ('company', '{"name": "Perfect 4 You", "founded": 2013, "description": "Оптовий постачальник продуктів харчування із Закарпаття"}'),
  ('contacts', '{"phone": "+380505172593", "phoneFormatted": "+380 (50) 517-25-93", "email": "fop.payk@ukr.net", "address": "Україна, Закарпатська область"}'),
  ('messengers', '{"viber": "+380505172593", "telegram": "+380505172593", "whatsapp": "+380505172593"}'),
  ('social', '{"instagram": "", "facebook": ""}'),
  ('workingHours', '{"weekdays": "Пн-Пт 9:00-18:00", "weekend": "Сб-Нд: вихідний"}'),
  ('stats', '{"foundedYear": 2013, "clients": "1000+", "products": "300+", "experience": "понад 11 років"}');
